Year, Month, Monthly_MSL, Linear_Trend, High_Conf., Low_Conf.
1935,5,-0.179,-0.141,-0.124,-0.159,
1935,6,-0.173,-0.141,-0.124,-0.159,
1935,7,-0.174,-0.141,-0.124,-0.158,
1935,8,-0.226,-0.141,-0.124,-0.158,
1935,9,-0.103,-0.141,-0.123,-0.158,
1935,10,-0.235,-0.140,-0.123,-0.158,
1935,11,-0.082,-0.140,-0.123,-0.157,
1935,12,-0.169,-0.140,-0.123,-0.157,
1936,1,0.006,-0.140,-0.123,-0.157,
1936,2,-0.022,-0.140,-0.122,-0.157,
1936,3,-0.057,-0.139,-0.122,-0.156,
1936,4,0.004,-0.139,-0.122,-0.156,
1936,5,-0.213,-0.139,-0.122,-0.156,
1936,6,-0.076,-0.139,-0.122,-0.156,
1936,7,-0.138,-0.138,-0.121,-0.155,
1936,8,-0.153,-0.138,-0.121,-0.155,
1936,9,-0.203,-0.138,-0.121,-0.155,
1936,10,-0.095,-0.138,-0.121,-0.155,
1936,11,-0.198,-0.138,-0.121,-0.154,
1936,12,-0.011,-0.137,-0.120,-0.154,
1937,1,-0.000,-0.137,-0.120,-0.154,
1937,2,0.094,-0.137,-0.120,-0.154,
1937,3,-0.130,-0.137,-0.120,-0.153,
1937,4,-0.026,-0.136,-0.120,-0.153,
1937,5,-0.073,-0.136,-0.119,-0.153,
1937,6,-0.152,-0.136,-0.119,-0.153,
1937,7,-0.150,-0.136,-0.119,-0.153,
1937,8,-0.119,-0.136,-0.119,-0.152,
1937,9,-0.142,-0.135,-0.119,-0.152,
1937,10,-0.186,-0.135,-0.119,-0.152,
1937,11,-0.213,-0.135,-0.118,-0.152,
1937,12,-0.163,-0.135,-0.118,-0.151,
1938,1,-0.112,-0.135,-0.118,-0.151,
1938,2,-0.211,-0.134,-0.118,-0.151,
1938,3,-0.185,-0.134,-0.118,-0.151,
1938,4,-0.130,-0.134,-0.117,-0.150,
1938,5,-0.112,-0.134,-0.117,-0.150,
1938,6,-0.106,-0.133,-0.117,-0.150,
1938,7,-0.119,-0.133,-0.117,-0.150,
1938,8,-0.134,-0.133,-0.117,-0.149,
1938,9,-0.145,-0.133,-0.116,-0.149,
1938,10,-0.086,-0.133,-0.116,-0.149,
1938,11,-0.079,-0.132,-0.116,-0.149,
1938,12,-0.087,-0.132,-0.116,-0.148,
1939,1,-0.103,-0.132,-0.116,-0.148,
1939,2,-0.012,-0.132,-0.115,-0.148,
1939,3,0.047,-0.131,-0.115,-0.148,
1939,4,-0.142,-0.131,-0.115,-0.147,
1939,5,-0.082,-0.131,-0.115,-0.147,
1939,6,-0.143,-0.131,-0.115,-0.147,
1939,7,-0.086,-0.131,-0.114,-0.147,
1939,8,-0.089,-0.130,-0.114,-0.146,
1939,9,-0.094,-0.130,-0.114,-0.146,
1939,10,-0.201,-0.130,-0.114,-0.146,
1939,11,-0.213,-0.130,-0.114,-0.146,
1939,12,-0.218,-0.130,-0.114,-0.145,
1940,1,-0.225,-0.129,-0.113,-0.145,
1940,2,-0.122,-0.129,-0.113,-0.145,
1940,3,-0.154,-0.129,-0.113,-0.145,
1940,4,-0.172,-0.129,-0.113,-0.145,
1940,5,-0.115,-0.128,-0.113,-0.144,
1940,6,-0.133,-0.128,-0.112,-0.144,
1940,7,-0.211,-0.128,-0.112,-0.144,
1940,8,-0.052,-0.128,-0.112,-0.144,
1940,9,-0.173,-0.128,-0.112,-0.143,
1940,10,-0.183,-0.127,-0.112,-0.143,
1940,11,-0.170,-0.127,-0.111,-0.143,
1940,12,-0.184,-0.127,-0.111,-0.143,
1941,1,-0.143,-0.127,-0.111,-0.142,
1941,2,-0.198,-0.126,-0.111,-0.142,
1941,3,-0.233,-0.126,-0.111,-0.142,
1941,4,-0.151,-0.126,-0.110,-0.142,
1941,5,-0.234,-0.126,-0.110,-0.141,
1941,6,-0.164,-0.126,-0.110,-0.141,
1941,7,-0.113,-0.125,-0.110,-0.141,
1941,8,-0.229,-0.125,-0.110,-0.141,
1941,9,-0.267,-0.125,-0.109,-0.140,
1941,10,-0.265,-0.125,-0.109,-0.140,
1941,11,-0.213,-0.124,-0.109,-0.140,
1941,12,-0.227,-0.124,-0.109,-0.140,
1942,1,-0.207,-0.124,-0.109,-0.139,
1942,2,-0.134,-0.124,-0.108,-0.139,
1942,3,-0.124,-0.124,-0.108,-0.139,
1942,4,-0.160,-0.123,-0.108,-0.139,
1942,5,-0.109,-0.123,-0.108,-0.138,
1942,6,-0.133,-0.123,-0.108,-0.138,
1942,7,-0.144,-0.123,-0.108,-0.138,
1942,8,-0.076,-0.123,-0.107,-0.138,
1942,9,-0.127,-0.122,-0.107,-0.138,
1942,10,-0.016,-0.122,-0.107,-0.137,
1942,11,-0.167,-0.122,-0.107,-0.137,
1942,12,-0.151,-0.122,-0.107,-0.137,
1943,1,-0.091,-0.121,-0.106,-0.137,
1943,2,-0.153,-0.121,-0.106,-0.136,
1943,3,-0.148,-0.121,-0.106,-0.136,
1943,4,-0.050,-0.121,-0.106,-0.136,
1943,5,-0.103,-0.121,-0.106,-0.136,
1943,6,-0.076,-0.120,-0.105,-0.135,
1943,7,0.039,-0.120,-0.105,-0.135,
1943,8,-0.113,-0.120,-0.105,-0.135,
1943,9,-0.170,-0.120,-0.105,-0.135,
1943,10,-0.110,-0.119,-0.105,-0.134,
1943,11,-0.173,-0.119,-0.104,-0.134,
1943,12,-0.166,-0.119,-0.104,-0.134,
1944,1,-0.058,-0.119,-0.104,-0.134,
1944,2,-0.043,-0.119,-0.104,-0.133,
1944,3,0.026,-0.118,-0.104,-0.133,
1944,4,0.014,-0.118,-0.103,-0.133,
1944,5,-0.100,-0.118,-0.103,-0.133,
1944,6,-0.112,-0.118,-0.103,-0.132,
1944,7,-0.040,-0.118,-0.103,-0.132,
1944,8,-0.082,-0.117,-0.103,-0.132,
1944,9,-0.194,-0.117,-0.102,-0.132,
1944,10,-0.058,-0.117,-0.102,-0.131,
1944,11,-0.112,-0.117,-0.102,-0.131,
1944,12,-0.154,-0.116,-0.102,-0.131,
1945,1,-0.119,-0.116,-0.102,-0.131,
1945,2,-0.183,-0.116,-0.101,-0.131,
1945,3,-0.185,-0.116,-0.101,-0.130,
1945,4,-0.169,-0.116,-0.101,-0.130,
1945,5,-0.146,-0.115,-0.101,-0.130,
1945,6,-0.127,-0.115,-0.101,-0.130,
1945,7,0.005,-0.115,-0.101,-0.129,
1945,8,-0.015,-0.115,-0.100,-0.129,
1945,9,0.156,-0.114,-0.100,-0.129,
1945,10,-0.025,-0.114,-0.100,-0.129,
1945,11,-0.100,-0.114,-0.100,-0.128,
1945,12,0.082,-0.114,-0.100,-0.128,
1946,1,0.031,-0.114,-0.099,-0.128,
1946,2,-0.028,-0.113,-0.099,-0.128,
1946,3,-0.118,-0.113,-0.099,-0.127,
1946,4,-0.075,-0.113,-0.099,-0.127,
1946,5,-0.027,-0.113,-0.099,-0.127,
1946,6,-0.106,-0.113,-0.098,-0.127,
1946,7,0.005,-0.112,-0.098,-0.126,
1946,8,-0.028,-0.112,-0.098,-0.126,
1946,9,-0.078,-0.112,-0.098,-0.126,
1946,10,0.048,-0.112,-0.098,-0.126,
1946,11,0.010,-0.111,-0.097,-0.125,
1946,12,-0.084,-0.111,-0.097,-0.125,
1947,1,-0.015,-0.111,-0.097,-0.125,
1947,2,-0.162,-0.111,-0.097,-0.125,
1947,3,-0.176,-0.111,-0.097,-0.125,
1947,4,-0.136,-0.110,-0.096,-0.124,
1947,5,-0.152,-0.110,-0.096,-0.124,
1947,6,-0.085,-0.110,-0.096,-0.124,
1947,7,-0.089,-0.110,-0.096,-0.124,
1947,8,-0.137,-0.109,-0.096,-0.123,
1947,9,-0.014,-0.109,-0.095,-0.123,
1947,10,-0.031,-0.109,-0.095,-0.123,
1947,11,0.214,-0.109,-0.095,-0.123,
1947,12,0.060,-0.109,-0.095,-0.122,
1948,1,-0.000,-0.108,-0.095,-0.122,
1948,2,0.189,-0.108,-0.094,-0.122,
1948,3,0.071,-0.108,-0.094,-0.122,
1948,4,-0.023,-0.108,-0.094,-0.121,
1948,5,-0.030,-0.108,-0.094,-0.121,
1948,6,-0.005,-0.107,-0.094,-0.121,
1948,7,-0.077,-0.107,-0.093,-0.121,
1948,8,-0.128,-0.107,-0.093,-0.120,
1948,9,-0.088,-0.107,-0.093,-0.120,
1948,10,-0.016,-0.106,-0.093,-0.120,
1948,11,0.049,-0.106,-0.093,-0.120,
1948,12,0.103,-0.106,-0.093,-0.119,
1949,1,-0.064,-0.106,-0.092,-0.119,
1949,2,-0.040,-0.106,-0.092,-0.119,
1949,3,-0.136,-0.105,-0.092,-0.119,
1949,4,-0.114,-0.105,-0.092,-0.119,
1949,5,0.003,-0.105,-0.092,-0.118,
1949,6,-0.048,-0.105,-0.091,-0.118,
1949,7,-0.007,-0.104,-0.091,-0.118,
1949,8,-0.046,-0.104,-0.091,-0.118,
1949,9,-0.017,-0.104,-0.091,-0.117,
1949,10,-0.055,-0.104,-0.091,-0.117,
1949,11,-0.066,-0.104,-0.090,-0.117,
1949,12,-0.163,-0.103,-0.090,-0.117,
1950,1,-0.195,-0.103,-0.090,-0.116,
1950,2,-0.128,-0.103,-0.090,-0.116,
1950,3,-0.148,-0.103,-0.090,-0.116,
1950,4,-0.118,-0.103,-0.089,-0.116,
1950,5,-0.070,-0.102,-0.089,-0.115,
1950,6,-0.149,-0.102,-0.089,-0.115,
1950,7,-0.034,-0.102,-0.089,-0.115,
1950,8,-0.089,-0.102,-0.089,-0.115,
1950,9,-0.136,-0.101,-0.088,-0.114,
1950,10,-0.140,-0.101,-0.088,-0.114,
1950,11,-0.182,-0.101,-0.088,-0.114,
1950,12,-0.148,-0.101,-0.088,-0.114,
1951,1,-0.179,-0.101,-0.088,-0.113,
1951,2,-0.195,-0.100,-0.087,-0.113,
1951,3,-0.105,-0.100,-0.087,-0.113,
1951,4,-0.096,-0.100,-0.087,-0.113,
1951,5,-0.125,-0.100,-0.087,-0.113,
1951,6,-0.091,-0.099,-0.087,-0.112,
1951,7,-0.177,-0.099,-0.086,-0.112,
1951,8,-0.137,-0.099,-0.086,-0.112,
1951,9,-0.200,-0.099,-0.086,-0.112,
1951,10,-0.107,-0.099,-0.086,-0.111,
1951,11,-0.106,-0.098,-0.086,-0.111,
1951,12,-0.090,-0.098,-0.085,-0.111,
1952,1,-0.091,-0.098,-0.085,-0.111,
1952,2,-0.009,-0.098,-0.085,-0.110,
1952,3,0.041,-0.098,-0.085,-0.110,
1952,4,-0.096,-0.097,-0.085,-0.110,
1952,5,-0.036,-0.097,-0.084,-0.110,
1952,6,-0.182,-0.097,-0.084,-0.109,
1952,7,-0.171,-0.097,-0.084,-0.109,
1952,8,-0.137,-0.096,-0.084,-0.109,
1952,9,-0.078,-0.096,-0.084,-0.109,
1952,10,-0.171,-0.096,-0.083,-0.108,
1952,11,-0.118,-0.096,-0.083,-0.108,
1952,12,-0.029,-0.096,-0.083,-0.108,
1953,1,-0.036,-0.095,-0.083,-0.108,
1953,2,-0.104,-0.095,-0.083,-0.108,
1953,3,-0.063,-0.095,-0.082,-0.107,
1953,4,-0.108,-0.095,-0.082,-0.107,
1953,5,-0.121,-0.094,-0.082,-0.107,
1953,6,-0.118,-0.094,-0.082,-0.107,
1953,7,-0.138,-0.094,-0.082,-0.106,
1953,8,-0.143,-0.094,-0.082,-0.106,
1953,9,-0.145,-0.094,-0.081,-0.106,
1953,10,-0.107,-0.093,-0.081,-0.106,
1953,11,-0.143,-0.093,-0.081,-0.105,
1953,12,-0.105,-0.093,-0.081,-0.105,
1954,1,-0.076,-0.093,-0.081,-0.105,
1954,2,-0.064,-0.092,-0.080,-0.105,
1954,3,-0.166,-0.092,-0.080,-0.104,
1954,4,-0.057,-0.092,-0.080,-0.104,
1954,5,-0.064,-0.092,-0.080,-0.104,
1954,6,-0.073,-0.092,-0.080,-0.104,
1954,7,-0.095,-0.091,-0.079,-0.103,
1954,8,-0.214,-0.091,-0.079,-0.103,
1954,9,-0.225,-0.091,-0.079,-0.103,
1954,10,-0.156,-0.091,-0.079,-0.103,
1954,11,-0.152,-0.091,-0.079,-0.103,
1954,12,-0.166,-0.090,-0.078,-0.102,
1955,1,-0.091,-0.090,-0.078,-0.102,
1955,2,-0.134,-0.090,-0.078,-0.102,
1955,3,-0.163,-0.090,-0.078,-0.102,
1955,4,-0.078,-0.089,-0.078,-0.101,
1955,5,-0.057,-0.089,-0.077,-0.101,
1955,6,-0.073,-0.089,-0.077,-0.101,
1955,7,-0.055,-0.089,-0.077,-0.101,
1955,8,0.067,-0.089,-0.077,-0.100,
1955,9,0.111,-0.088,-0.077,-0.100,
1955,10,0.015,-0.088,-0.076,-0.100,
1955,11,-0.115,-0.088,-0.076,-0.100,
1955,12,-0.175,-0.088,-0.076,-0.099,
1956,1,-0.082,-0.087,-0.076,-0.099,
1956,2,-0.086,-0.087,-0.076,-0.099,
1956,3,-0.124,-0.087,-0.075,-0.099,
1956,4,-0.093,-0.087,-0.075,-0.098,
1956,5,-0.091,-0.087,-0.075,-0.098,
1956,6,-0.133,-0.086,-0.075,-0.098,
1956,7,-0.162,-0.086,-0.075,-0.098,
1956,8,-0.107,-0.086,-0.074,-0.098,
1956,9,-0.145,-0.086,-0.074,-0.097,
1956,10,-0.031,-0.086,-0.074,-0.097,
1956,11,-0.054,-0.085,-0.074,-0.097,
1956,12,-0.126,-0.085,-0.074,-0.097,
1957,1,-0.179,-0.085,-0.073,-0.096,
1957,2,-0.055,-0.085,-0.073,-0.096,
1957,3,0.041,-0.084,-0.073,-0.096,
1957,4,-0.148,-0.084,-0.073,-0.096,
1957,5,-0.079,-0.084,-0.073,-0.095,
1957,6,-0.033,-0.084,-0.072,-0.095,
1957,7,-0.055,-0.084,-0.072,-0.095,
1957,8,-0.052,-0.083,-0.072,-0.095,
1957,9,-0.075,-0.083,-0.072,-0.094,
1957,10,-0.037,-0.083,-0.072,-0.094,
1957,11,-0.002,-0.083,-0.071,-0.094,
1957,12,0.039,-0.082,-0.071,-0.094,
1958,1,0.013,-0.082,-0.071,-0.094,
1958,2,-0.137,-0.082,-0.071,-0.093,
1958,3,-0.038,-0.082,-0.071,-0.093,
1958,4,0.032,-0.082,-0.070,-0.093,
1958,5,-0.030,-0.081,-0.070,-0.093,
1958,6,-0.103,-0.081,-0.070,-0.092,
1958,7,-0.141,-0.081,-0.070,-0.092,
1958,8,-0.171,-0.081,-0.070,-0.092,
1958,9,-0.188,-0.081,-0.069,-0.092,
1958,10,-0.022,-0.080,-0.069,-0.091,
1958,11,-0.112,-0.080,-0.069,-0.091,
1958,12,-0.096,-0.080,-0.069,-0.091,
1959,1,-0.091,-0.080,-0.069,-0.091,
1959,2,-0.165,-0.079,-0.068,-0.090,
1959,3,-0.102,-0.079,-0.068,-0.090,
1959,4,-0.035,-0.079,-0.068,-0.090,
1959,5,-0.103,-0.079,-0.068,-0.090,
1959,6,-0.057,-0.079,-0.068,-0.090,
1959,7,-0.025,-0.078,-0.067,-0.089,
1959,8,-0.092,-0.078,-0.067,-0.089,
1959,9,-0.115,-0.078,-0.067,-0.089,
1959,10,-0.025,-0.078,-0.067,-0.089,
1959,11,0.004,-0.077,-0.067,-0.088,
1959,12,-0.041,-0.077,-0.066,-0.088,
1960,1,0.034,-0.077,-0.066,-0.088,
1960,2,0.085,-0.077,-0.066,-0.088,
1960,3,-0.044,-0.077,-0.066,-0.087,
1960,6,-0.030,-0.076,-0.065,-0.087,
1961,1,-0.158,-0.074,-0.064,-0.085,
1961,2,-0.086,-0.074,-0.064,-0.085,
1961,3,0.001,-0.074,-0.063,-0.085,
1961,4,0.029,-0.074,-0.063,-0.084,
1961,5,-0.085,-0.074,-0.063,-0.084,
1961,6,-0.097,-0.073,-0.063,-0.084,
1961,7,-0.037,-0.073,-0.063,-0.084,
1961,8,-0.131,-0.073,-0.062,-0.083,
1961,9,-0.130,-0.073,-0.062,-0.083,
1961,10,-0.140,-0.072,-0.062,-0.083,
1961,11,-0.091,-0.072,-0.062,-0.083,
1961,12,-0.123,-0.072,-0.062,-0.082,
1962,1,-0.161,-0.072,-0.061,-0.082,
1962,2,-0.058,-0.072,-0.061,-0.082,
1962,3,0.071,-0.071,-0.061,-0.082,
1962,4,-0.111,-0.071,-0.061,-0.082,
1962,5,-0.088,-0.071,-0.061,-0.081,
1962,8,-0.095,-0.070,-0.060,-0.081,
1962,9,-0.100,-0.070,-0.060,-0.080,
1962,10,-0.095,-0.070,-0.060,-0.080,
1963,1,0.025,-0.069,-0.059,-0.079,
1963,2,-0.064,-0.069,-0.059,-0.079,
1963,3,-0.124,-0.069,-0.059,-0.079,
1963,4,-0.151,-0.069,-0.058,-0.079,
1963,5,-0.146,-0.068,-0.058,-0.079,
1963,6,-0.167,-0.068,-0.058,-0.078,
1963,7,-0.141,-0.068,-0.058,-0.078,
1963,8,-0.156,-0.068,-0.058,-0.078,
1963,9,-0.097,-0.067,-0.057,-0.078,
1963,10,-0.165,-0.067,-0.057,-0.077,
1963,11,-0.069,-0.067,-0.057,-0.077,
1963,12,-0.111,-0.067,-0.057,-0.077,
1964,1,-0.058,-0.067,-0.057,-0.077,
1964,2,-0.076,-0.066,-0.056,-0.076,
1964,3,-0.112,-0.066,-0.056,-0.076,
1964,4,-0.118,-0.066,-0.056,-0.076,
1964,5,-0.091,-0.066,-0.056,-0.076,
1964,6,-0.109,-0.066,-0.056,-0.076,
1964,7,-0.144,-0.065,-0.055,-0.075,
1964,8,-0.113,-0.065,-0.055,-0.075,
1964,9,0.004,-0.065,-0.055,-0.075,
1964,10,0.039,-0.065,-0.055,-0.075,
1964,11,-0.094,-0.064,-0.054,-0.074,
1964,12,-0.093,-0.064,-0.054,-0.074,
1965,1,-0.094,-0.064,-0.054,-0.074,
1965,2,-0.070,-0.064,-0.054,-0.074,
1965,3,-0.075,-0.064,-0.054,-0.073,
1965,4,-0.105,-0.063,-0.053,-0.073,
1965,5,-0.158,-0.063,-0.053,-0.073,
1965,6,-0.100,-0.063,-0.053,-0.073,
1965,7,0.009,-0.063,-0.053,-0.072,
1965,8,-0.086,-0.062,-0.053,-0.072,
1965,9,-0.130,-0.062,-0.052,-0.072,
1965,10,-0.159,-0.062,-0.052,-0.072,
1965,11,-0.124,-0.062,-0.052,-0.072,
1965,12,-0.163,-0.062,-0.052,-0.071,
1966,1,-0.061,-0.061,-0.052,-0.071,
1966,2,-0.089,-0.061,-0.051,-0.071,
1966,3,-0.005,-0.061,-0.051,-0.071,
1966,4,-0.148,-0.061,-0.051,-0.070,
1966,5,-0.036,-0.060,-0.051,-0.070,
1966,6,-0.030,-0.060,-0.051,-0.070,
1966,7,-0.089,-0.060,-0.050,-0.070,
1966,8,-0.095,-0.060,-0.050,-0.069,
1966,9,-0.084,-0.060,-0.050,-0.069,
1966,10,-0.183,-0.059,-0.050,-0.069,
1966,11,-0.167,-0.059,-0.050,-0.069,
1966,12,-0.078,-0.059,-0.049,-0.069,
1967,1,-0.067,-0.059,-0.049,-0.068,
1967,2,-0.092,-0.059,-0.049,-0.068,
1967,3,-0.194,-0.058,-0.049,-0.068,
1967,4,-0.102,-0.058,-0.049,-0.068,
1967,5,-0.057,-0.058,-0.048,-0.067,
1967,6,-0.079,-0.058,-0.048,-0.067,
1967,7,-0.116,-0.057,-0.048,-0.067,
1967,8,-0.052,-0.057,-0.048,-0.067,
1967,9,-0.039,-0.057,-0.048,-0.067,
1967,10,-0.107,-0.057,-0.047,-0.066,
1967,11,-0.085,-0.057,-0.047,-0.066,
1967,12,-0.029,-0.056,-0.047,-0.066,
1968,1,-0.103,-0.056,-0.047,-0.066,
1968,2,-0.086,-0.056,-0.046,-0.065,
1968,3,-0.157,-0.056,-0.046,-0.065,
1968,4,-0.172,-0.055,-0.046,-0.065,
1968,5,-0.161,-0.055,-0.046,-0.065,
1968,6,-0.121,-0.055,-0.046,-0.064,
1968,7,-0.095,-0.055,-0.045,-0.064,
1968,8,-0.092,-0.055,-0.045,-0.064,
1968,9,-0.139,-0.054,-0.045,-0.064,
1968,10,-0.137,-0.054,-0.045,-0.064,
1968,11,-0.133,-0.054,-0.045,-0.063,
1968,12,-0.166,-0.054,-0.044,-0.063,
1969,1,-0.186,-0.054,-0.044,-0.063,
1969,2,-0.022,-0.053,-0.044,-0.063,
1969,3,-0.035,-0.053,-0.044,-0.062,
1969,4,-0.130,-0.053,-0.044,-0.062,
1969,5,-0.112,-0.053,-0.043,-0.062,
1969,6,-0.021,-0.052,-0.043,-0.062,
1969,7,-0.046,-0.052,-0.043,-0.061,
1969,8,0.024,-0.052,-0.043,-0.061,
1969,9,-0.084,-0.052,-0.043,-0.061,
1969,10,-0.064,-0.052,-0.042,-0.061,
1969,11,-0.015,-0.051,-0.042,-0.061,
1969,12,-0.035,-0.051,-0.042,-0.060,
1970,1,-0.091,-0.051,-0.042,-0.060,
1970,2,-0.083,-0.051,-0.042,-0.060,
1970,3,-0.054,-0.050,-0.041,-0.060,
1970,4,-0.023,-0.050,-0.041,-0.059,
1970,5,-0.091,-0.050,-0.041,-0.059,
1970,6,-0.063,-0.050,-0.041,-0.059,
1970,7,-0.077,-0.050,-0.040,-0.059,
1970,8,-0.022,-0.049,-0.040,-0.059,
1970,9,-0.136,-0.049,-0.040,-0.058,
1970,10,-0.052,-0.049,-0.040,-0.058,
1970,11,-0.005,-0.049,-0.040,-0.058,
1970,12,0.015,-0.049,-0.039,-0.058,
1971,1,-0.042,-0.048,-0.039,-0.057,
1971,2,-0.079,-0.048,-0.039,-0.057,
1971,3,-0.026,-0.048,-0.039,-0.057,
1971,4,-0.075,-0.048,-0.039,-0.057,
1971,5,-0.039,-0.047,-0.038,-0.056,
1971,6,-0.036,-0.047,-0.038,-0.056,
1971,7,-0.116,-0.047,-0.038,-0.056,
1971,8,-0.098,-0.047,-0.038,-0.056,
1971,9,-0.054,-0.047,-0.038,-0.056,
1971,10,0.064,-0.046,-0.037,-0.055,
1971,11,0.071,-0.046,-0.037,-0.055,
1971,12,0.003,-0.046,-0.037,-0.055,
1972,1,-0.024,-0.046,-0.037,-0.055,
1972,2,0.006,-0.045,-0.037,-0.054,
1972,3,-0.060,-0.045,-0.036,-0.054,
1972,4,-0.032,-0.045,-0.036,-0.054,
1972,5,0.040,-0.045,-0.036,-0.054,
1972,6,0.016,-0.045,-0.036,-0.054,
1972,7,-0.034,-0.044,-0.035,-0.053,
1972,8,-0.034,-0.044,-0.035,-0.053,
1972,9,-0.054,-0.044,-0.035,-0.053,
1972,10,-0.046,-0.044,-0.035,-0.053,
1972,11,0.104,-0.044,-0.035,-0.052,
1972,12,0.097,-0.043,-0.034,-0.052,
1973,1,0.101,-0.043,-0.034,-0.052,
1973,2,0.192,-0.043,-0.034,-0.052,
1973,3,0.129,-0.043,-0.034,-0.052,
1973,4,0.148,-0.042,-0.034,-0.051,
1973,5,0.019,-0.042,-0.033,-0.051,
1973,6,-0.060,-0.042,-0.033,-0.051,
1973,7,-0.019,-0.042,-0.033,-0.051,
1973,8,-0.003,-0.042,-0.033,-0.050,
1973,9,-0.045,-0.041,-0.032,-0.050,
1973,10,0.012,-0.041,-0.032,-0.050,
1973,11,-0.060,-0.041,-0.032,-0.050,
1973,12,-0.056,-0.041,-0.032,-0.050,
1974,1,-0.036,-0.040,-0.032,-0.049,
1974,2,0.113,-0.040,-0.031,-0.049,
1974,3,-0.096,-0.040,-0.031,-0.049,
1974,4,-0.023,-0.040,-0.031,-0.049,
1974,5,0.037,-0.040,-0.031,-0.048,
1974,6,0.046,-0.039,-0.031,-0.048,
1974,7,-0.007,-0.039,-0.030,-0.048,
1974,8,0.116,-0.039,-0.030,-0.048,
1974,9,0.007,-0.039,-0.030,-0.048,
1974,10,-0.076,-0.039,-0.030,-0.047,
1974,11,-0.085,-0.038,-0.030,-0.047,
1974,12,-0.008,-0.038,-0.029,-0.047,
1975,1,0.006,-0.038,-0.029,-0.047,
1975,2,0.109,-0.038,-0.029,-0.046,
1975,3,0.044,-0.037,-0.029,-0.046,
1975,4,-0.011,-0.037,-0.028,-0.046,
1975,5,0.043,-0.037,-0.028,-0.046,
1975,6,0.052,-0.037,-0.028,-0.046,
1975,7,0.106,-0.037,-0.028,-0.045,
1975,8,0.055,-0.036,-0.028,-0.045,
1975,9,-0.048,-0.036,-0.027,-0.045,
1975,10,0.003,-0.036,-0.027,-0.045,
1975,11,-0.039,-0.036,-0.027,-0.044,
1975,12,0.021,-0.035,-0.027,-0.044,
1976,1,-0.070,-0.035,-0.027,-0.044,
1976,2,-0.147,-0.035,-0.026,-0.044,
1976,3,-0.118,-0.035,-0.026,-0.044,
1976,4,-0.099,-0.035,-0.026,-0.043,
1976,5,-0.067,-0.034,-0.026,-0.043,
1976,6,0.022,-0.034,-0.025,-0.043,
1976,7,-0.022,-0.034,-0.025,-0.043,
1976,8,-0.049,-0.034,-0.025,-0.042,
1976,9,-0.127,-0.034,-0.025,-0.042,
1976,10,-0.153,-0.033,-0.025,-0.042,
1976,11,-0.164,-0.033,-0.024,-0.042,
1976,12,-0.020,-0.033,-0.024,-0.042,
1977,1,-0.128,-0.033,-0.024,-0.041,
1977,2,-0.198,-0.032,-0.024,-0.041,
1977,3,0.004,-0.032,-0.024,-0.041,
1977,4,-0.081,-0.032,-0.023,-0.041,
1977,5,-0.048,-0.032,-0.023,-0.040,
1977,6,0.022,-0.032,-0.023,-0.040,
1977,7,-0.098,-0.031,-0.023,-0.040,
1977,8,-0.064,-0.031,-0.022,-0.040,
1977,9,-0.051,-0.031,-0.022,-0.040,
1977,10,-0.122,-0.031,-0.022,-0.039,
1977,11,0.083,-0.030,-0.022,-0.039,
1977,12,0.024,-0.030,-0.022,-0.039,
1978,1,0.003,-0.030,-0.021,-0.039,
1978,2,0.012,-0.030,-0.021,-0.038,
1978,3,-0.020,-0.030,-0.021,-0.038,
1978,4,-0.008,-0.029,-0.021,-0.038,
1978,5,0.080,-0.029,-0.020,-0.038,
1978,6,-0.073,-0.029,-0.020,-0.038,
1978,7,-0.025,-0.029,-0.020,-0.037,
1978,8,-0.064,-0.028,-0.020,-0.037,
1978,9,-0.057,-0.028,-0.020,-0.037,
1978,10,-0.092,-0.028,-0.019,-0.037,
1978,11,0.007,-0.028,-0.019,-0.037,
1978,12,-0.059,-0.028,-0.019,-0.036,
1979,1,-0.048,-0.027,-0.019,-0.036,
1979,2,-0.104,-0.027,-0.019,-0.036,
1979,3,0.016,-0.027,-0.018,-0.036,
1979,4,-0.038,-0.027,-0.018,-0.035,
1979,5,-0.064,-0.027,-0.018,-0.035,
1979,6,-0.042,-0.026,-0.018,-0.035,
1979,7,-0.049,-0.026,-0.017,-0.035,
1979,8,-0.101,-0.026,-0.017,-0.035,
1979,9,0.028,-0.026,-0.017,-0.034,
1979,10,-0.086,-0.025,-0.017,-0.034,
1979,11,-0.073,-0.025,-0.017,-0.034,
1979,12,-0.029,-0.025,-0.016,-0.034,
1980,1,0.074,-0.025,-0.016,-0.033,
1980,2,-0.009,-0.025,-0.016,-0.033,
1980,3,-0.038,-0.024,-0.016,-0.033,
1980,4,0.014,-0.024,-0.015,-0.033,
1980,5,-0.006,-0.024,-0.015,-0.033,
1980,6,-0.048,-0.024,-0.015,-0.032,
1980,7,-0.098,-0.023,-0.015,-0.032,
1980,8,-0.171,-0.023,-0.015,-0.032,
1980,9,-0.170,-0.023,-0.014,-0.032,
1980,10,-0.177,-0.023,-0.014,-0.032,
1980,11,-0.161,-0.023,-0.014,-0.031,
1980,12,-0.136,-0.022,-0.014,-0.031,
1981,1,-0.119,-0.022,-0.013,-0.031,
1981,2,-0.156,-0.022,-0.013,-0.031,
1981,3,-0.130,-0.022,-0.013,-0.030,
1981,4,-0.152,-0.022,-0.013,-0.030,
1981,5,-0.051,-0.021,-0.013,-0.030,
1981,6,-0.130,-0.021,-0.012,-0.030,
1981,7,-0.037,-0.021,-0.012,-0.030,
1981,8,0.027,-0.021,-0.012,-0.029,
1981,9,-0.078,-0.020,-0.012,-0.029,
1981,10,-0.174,-0.020,-0.011,-0.029,
1981,11,-0.024,-0.020,-0.011,-0.029,
1981,12,-0.120,-0.020,-0.011,-0.029,
1982,1,-0.085,-0.020,-0.011,-0.028,
1982,2,-0.070,-0.019,-0.011,-0.028,
1982,3,-0.032,-0.019,-0.010,-0.028,
1982,4,-0.175,-0.019,-0.010,-0.028,
1982,5,-0.085,-0.019,-0.010,-0.027,
1982,6,0.101,-0.018,-0.010,-0.027,
1982,7,-0.046,-0.018,-0.010,-0.027,
1982,8,-0.092,-0.018,-0.009,-0.027,
1982,9,-0.145,-0.018,-0.009,-0.027,
1982,10,-0.052,-0.018,-0.009,-0.026,
1982,11,-0.012,-0.017,-0.009,-0.026,
1982,12,0.067,-0.017,-0.008,-0.026,
1983,1,0.089,-0.017,-0.008,-0.026,
1983,2,0.146,-0.017,-0.008,-0.026,
1983,3,0.230,-0.017,-0.008,-0.025,
1983,4,0.108,-0.016,-0.008,-0.025,
1983,5,-0.061,-0.016,-0.007,-0.025,
1983,6,-0.015,-0.016,-0.007,-0.025,
1983,7,-0.010,-0.016,-0.007,-0.024,
1983,8,-0.107,-0.015,-0.007,-0.024,
1983,9,-0.081,-0.015,-0.006,-0.024,
1983,10,-0.055,-0.015,-0.006,-0.024,
1983,11,-0.042,-0.015,-0.006,-0.024,
1983,12,-0.038,-0.015,-0.006,-0.023,
1984,1,0.054,-0.014,-0.005,-0.023,
1984,2,-0.015,-0.014,-0.005,-0.023,
1984,3,0.090,-0.014,-0.005,-0.023,
1984,4,0.145,-0.014,-0.005,-0.023,
1984,5,-0.064,-0.013,-0.005,-0.022,
1984,6,-0.045,-0.013,-0.004,-0.022,
1984,7,-0.043,-0.013,-0.004,-0.022,
1984,8,-0.022,-0.013,-0.004,-0.022,
1984,9,-0.008,-0.013,-0.004,-0.022,
1984,10,0.039,-0.012,-0.003,-0.021,
1984,11,0.025,-0.012,-0.003,-0.021,
1984,12,-0.014,-0.012,-0.003,-0.021,
1985,1,-0.015,-0.012,-0.003,-0.021,
1985,2,0.003,-0.012,-0.003,-0.020,
1985,3,-0.099,-0.011,-0.002,-0.020,
1985,4,-0.136,-0.011,-0.002,-0.020,
1985,5,-0.006,-0.011,-0.002,-0.020,
1985,6,-0.063,-0.011,-0.002,-0.020,
1985,7,-0.010,-0.010,-0.001,-0.019,
1985,8,0.076,-0.010,-0.001,-0.019,
1985,9,-0.039,-0.010,-0.001,-0.019,
1985,10,0.027,-0.010,-0.001,-0.019,
1985,11,-0.005,-0.010,-0.001,-0.019,
1985,12,-0.035,-0.009,-0.000,-0.018,
1986,1,-0.103,-0.009,-0.000,-0.018,
1986,2,-0.034,-0.009,0.000,-0.018,
1986,3,-0.145,-0.009,0.000,-0.018,
1986,4,0.032,-0.008,0.001,-0.018,
1986,5,0.022,-0.008,0.001,-0.017,
1986,6,0.040,-0.008,0.001,-0.017,
1986,7,0.002,-0.008,0.001,-0.017,
1986,8,-0.034,-0.008,0.001,-0.017,
1986,9,-0.097,-0.007,0.002,-0.016,
1986,10,-0.107,-0.007,0.002,-0.016,
1986,11,-0.012,-0.007,0.002,-0.016,
1986,12,0.020,-0.007,0.002,-0.016,
1987,1,0.116,-0.007,0.003,-0.016,
1987,2,0.027,-0.006,0.003,-0.015,
1987,3,0.151,-0.006,0.003,-0.015,
1987,4,0.017,-0.006,0.003,-0.015,
1987,5,-0.048,-0.006,0.004,-0.015,
1987,6,-0.097,-0.005,0.004,-0.015,
1987,7,-0.028,-0.005,0.004,-0.014,
1987,8,-0.064,-0.005,0.004,-0.014,
1987,9,-0.078,-0.005,0.004,-0.014,
1987,10,-0.134,-0.005,0.005,-0.014,
1987,11,-0.091,-0.004,0.005,-0.014,
1987,12,-0.084,-0.004,0.005,-0.013,
1988,1,-0.061,-0.004,0.005,-0.013,
1988,2,-0.076,-0.004,0.006,-0.013,
1988,3,-0.139,-0.003,0.006,-0.013,
1988,4,-0.017,-0.003,0.006,-0.013,
1988,5,-0.082,-0.003,0.006,-0.012,
1988,6,-0.048,-0.003,0.006,-0.012,
1988,7,-0.083,-0.003,0.007,-0.012,
1988,8,-0.061,-0.002,0.007,-0.012,
1988,9,-0.063,-0.002,0.007,-0.011,
1988,10,-0.046,-0.002,0.007,-0.011,
1988,11,-0.079,-0.002,0.008,-0.011,
1988,12,-0.111,-0.002,0.008,-0.011,
1989,1,-0.082,-0.001,0.008,-0.011,
1989,2,-0.083,-0.001,0.008,-0.010,
1989,3,0.068,-0.001,0.009,-0.010,
1989,4,0.017,-0.001,0.009,-0.010,
1989,5,0.034,-0.000,0.009,-0.010,
1989,6,-0.051,-0.000,0.009,-0.010,
1989,7,0.005,0.000,0.009,-0.009,
1989,8,-0.028,0.000,0.010,-0.009,
1989,9,-0.051,0.000,0.010,-0.009,
1989,10,-0.025,0.001,0.010,-0.009,
1989,11,-0.082,0.001,0.010,-0.009,
1989,12,-0.047,0.001,0.011,-0.008,
1990,1,-0.106,0.001,0.011,-0.008,
1990,2,-0.079,0.002,0.011,-0.008,
1990,3,-0.026,0.002,0.011,-0.008,
1990,4,-0.035,0.002,0.012,-0.008,
1990,5,0.007,0.002,0.012,-0.007,
1990,6,-0.015,0.002,0.012,-0.007,
1990,7,-0.016,0.003,0.012,-0.007,
1990,8,-0.022,0.003,0.012,-0.007,
1990,9,-0.024,0.003,0.013,-0.007,
1990,10,-0.034,0.003,0.013,-0.006,
1990,11,0.013,0.004,0.013,-0.006,
1990,12,-0.032,0.004,0.013,-0.006,
1991,1,0.119,0.004,0.014,-0.006,
1991,2,-0.079,0.004,0.014,-0.005,
1991,3,0.065,0.004,0.014,-0.005,
1991,4,-0.023,0.005,0.014,-0.005,
1991,5,0.007,0.005,0.014,-0.005,
1991,6,0.037,0.005,0.015,-0.005,
1991,7,0.054,0.005,0.015,-0.004,
1991,8,0.073,0.005,0.015,-0.004,
1991,9,0.004,0.006,0.015,-0.004,
1991,10,0.003,0.006,0.016,-0.004,
1991,11,0.013,0.006,0.016,-0.004,
1991,12,-0.139,0.006,0.016,-0.003,
1992,1,0.016,0.007,0.016,-0.003,
1992,2,-0.028,0.007,0.017,-0.003,
1992,3,-0.084,0.007,0.017,-0.003,
1992,4,-0.029,0.007,0.017,-0.003,
1992,5,0.025,0.007,0.017,-0.002,
1992,6,0.086,0.008,0.017,-0.002,
1992,7,0.018,0.008,0.018,-0.002,
1992,8,0.049,0.008,0.018,-0.002,
1992,9,-0.048,0.008,0.018,-0.002,
1992,10,0.009,0.009,0.018,-0.001,
1992,11,0.046,0.009,0.019,-0.001,
1992,12,0.006,0.009,0.019,-0.001,
1993,1,0.180,0.009,0.019,-0.001,
1993,2,0.058,0.009,0.019,-0.001,
1993,3,0.020,0.010,0.020,-0.000,
1993,4,0.111,0.010,0.020,-0.000,
1993,5,-0.015,0.010,0.020,0.000,
1993,6,-0.033,0.010,0.020,0.000,
1993,7,-0.031,0.010,0.021,0.000,
1993,8,-0.034,0.011,0.021,0.001,
1993,9,-0.051,0.011,0.021,0.001,
1993,10,0.003,0.011,0.021,0.001,
1993,11,-0.048,0.011,0.021,0.001,
1993,12,-0.005,0.012,0.022,0.001,
1994,1,-0.092,0.012,0.022,0.002,
1994,2,-0.030,0.012,0.022,0.002,
1994,3,0.045,0.012,0.022,0.002,
1994,4,-0.084,0.012,0.023,0.002,
1994,5,0.020,0.013,0.023,0.002,
1994,6,-0.046,0.013,0.023,0.003,
1994,7,-0.057,0.013,0.023,0.003,
1994,8,-0.035,0.013,0.024,0.003,
1994,9,-0.001,0.014,0.024,0.003,
1994,10,0.012,0.014,0.024,0.003,
1994,11,-0.095,0.014,0.024,0.004,
1994,12,0.127,0.014,0.024,0.004,
1995,1,0.042,0.014,0.025,0.004,
1995,2,-0.040,0.015,0.025,0.004,
1995,3,0.061,0.015,0.025,0.004,
1995,4,-0.004,0.015,0.025,0.005,
1995,5,0.045,0.015,0.026,0.005,
1995,6,0.097,0.015,0.026,0.005,
1995,7,0.126,0.016,0.026,0.005,
1995,8,0.137,0.016,0.026,0.005,
1995,9,0.074,0.016,0.027,0.006,
1995,10,0.086,0.016,0.027,0.006,
1995,11,0.045,0.017,0.027,0.006,
1995,12,0.023,0.017,0.027,0.006,
1996,1,0.003,0.017,0.028,0.006,
1996,2,-0.056,0.017,0.028,0.007,
1996,3,-0.100,0.017,0.028,0.007,
1996,4,-0.071,0.018,0.028,0.007,
1996,5,-0.042,0.018,0.028,0.007,
1996,6,-0.050,0.018,0.029,0.007,
1996,7,-0.010,0.018,0.029,0.008,
1996,8,0.007,0.019,0.029,0.008,
1996,9,0.239,0.019,0.029,0.008,
1996,10,0.140,0.019,0.030,0.008,
1996,11,0.038,0.019,0.030,0.009,
1996,12,0.082,0.019,0.030,0.009,
1997,1,0.021,0.020,0.030,0.009,
1997,2,0.042,0.020,0.031,0.009,
1997,3,0.018,0.020,0.031,0.009,
1997,4,0.072,0.020,0.031,0.010,
1997,5,-0.003,0.020,0.031,0.010,
1997,6,0.025,0.021,0.031,0.010,
1997,7,0.028,0.021,0.032,0.010,
1997,8,0.010,0.021,0.032,0.010,
1997,9,-0.015,0.021,0.032,0.011,
1997,10,-0.051,0.022,0.032,0.011,
1997,11,-0.043,0.022,0.033,0.011,
1997,12,-0.008,0.022,0.033,0.011,
1998,1,0.108,0.022,0.033,0.011,
1998,2,0.391,0.022,0.033,0.012,
1998,3,0.156,0.023,0.034,0.012,
1998,4,0.085,0.023,0.034,0.012,
1998,5,0.092,0.023,0.034,0.012,
1998,6,-0.034,0.023,0.034,0.012,
1998,7,-0.067,0.024,0.035,0.013,
1998,8,-0.066,0.024,0.035,0.013,
1998,9,-0.004,0.024,0.035,0.013,
1998,10,-0.118,0.024,0.035,0.013,
1998,11,-0.074,0.024,0.035,0.013,
1998,12,-0.028,0.025,0.036,0.014,
1999,1,0.043,0.025,0.036,0.014,
1999,2,0.137,0.025,0.036,0.014,
1999,3,-0.020,0.025,0.036,0.014,
1999,4,0.009,0.025,0.037,0.014,
1999,5,0.052,0.026,0.037,0.015,
1999,6,-0.012,0.026,0.037,0.015,
1999,7,0.006,0.026,0.037,0.015,
1999,8,0.038,0.026,0.038,0.015,
1999,9,0.313,0.027,0.038,0.015,
1999,10,0.207,0.027,0.038,0.016,
1999,11,0.014,0.027,0.038,0.016,
1999,12,0.036,0.027,0.039,0.016,
2000,1,-0.023,0.027,0.039,0.016,
2000,2,-0.100,0.028,0.039,0.016,
2000,3,-0.001,0.028,0.039,0.017,
2000,4,0.013,0.028,0.039,0.017,
2000,5,0.021,0.028,0.040,0.017,
2000,6,-0.022,0.029,0.040,0.017,
2000,7,0.055,0.029,0.040,0.017,
2000,8,0.084,0.029,0.040,0.017,
2000,9,0.088,0.029,0.041,0.018,
2000,10,0.035,0.029,0.041,0.018,
2000,11,0.056,0.030,0.041,0.018,
2000,12,-0.062,0.030,0.041,0.018,
2001,1,-0.105,0.030,0.042,0.018,
2001,2,-0.143,0.030,0.042,0.019,
2001,3,0.027,0.030,0.042,0.019,
2001,4,-0.046,0.031,0.042,0.019,
2001,5,0.005,0.031,0.043,0.019,
2001,6,-0.003,0.031,0.043,0.019,
2001,7,0.017,0.031,0.043,0.020,
2001,8,-0.028,0.032,0.043,0.020,
2001,9,0.005,0.032,0.044,0.020,
2001,10,-0.014,0.032,0.044,0.020,
2001,11,-0.030,0.032,0.044,0.020,
2001,12,0.016,0.032,0.044,0.021,
2002,1,-0.127,0.033,0.044,0.021,
2002,2,-0.051,0.033,0.045,0.021,
2002,3,-0.073,0.033,0.045,0.021,
2002,4,0.007,0.033,0.045,0.021,
2002,5,-0.035,0.034,0.045,0.022,
2002,6,0.010,0.034,0.046,0.022,
2002,7,-0.025,0.034,0.046,0.022,
2002,8,0.049,0.034,0.046,0.022,
2002,9,0.022,0.034,0.046,0.022,
2002,10,0.068,0.035,0.047,0.023,
2002,11,0.014,0.035,0.047,0.023,
2002,12,-0.006,0.035,0.047,0.023,
2003,1,-0.075,0.035,0.047,0.023,
2003,2,-0.097,0.036,0.048,0.023,
2003,3,0.120,0.036,0.048,0.024,
2003,4,0.186,0.036,0.048,0.024,
2003,5,0.040,0.036,0.048,0.024,
2003,6,0.072,0.036,0.049,0.024,
2003,7,-0.021,0.037,0.049,0.024,
2003,8,-0.007,0.037,0.049,0.025,
2003,9,0.038,0.037,0.049,0.025,
2003,10,0.024,0.037,0.049,0.025,
2003,11,0.040,0.037,0.050,0.025,
2003,12,0.034,0.038,0.050,0.025,
2004,1,-0.053,0.038,0.050,0.026,
2004,2,-0.053,0.038,0.050,0.026,
2004,3,-0.082,0.038,0.051,0.026,
2004,4,-0.097,0.039,0.051,0.026,
2004,5,-0.051,0.039,0.051,0.026,
2004,6,-0.027,0.039,0.051,0.027,
2004,7,-0.009,0.039,0.052,0.027,
2004,8,-0.004,0.039,0.052,0.027,
2004,9,0.015,0.040,0.052,0.027,
2004,10,0.068,0.040,0.052,0.027,
2004,11,-0.027,0.040,0.053,0.028,
2004,12,-0.033,0.040,0.053,0.028,
2005,1,0.044,0.041,0.053,0.028,
2005,2,0.049,0.041,0.053,0.028,
2005,3,0.006,0.041,0.054,0.028,
2005,4,0.055,0.041,0.054,0.029,
2005,5,0.031,0.041,0.054,0.029,
2005,6,0.010,0.042,0.054,0.029,
2005,7,-0.007,0.042,0.054,0.029,
2005,8,0.046,0.042,0.055,0.029,
2005,9,0.024,0.042,0.055,0.030,
2005,10,0.092,0.042,0.055,0.030,
2005,11,-0.070,0.043,0.055,0.030,
2005,12,-0.022,0.043,0.056,0.030,
2006,1,0.017,0.043,0.056,0.030,
2006,2,-0.069,0.043,0.056,0.031,
2006,3,-0.044,0.044,0.056,0.031,
2006,4,-0.073,0.044,0.057,0.031,
2006,5,0.070,0.044,0.057,0.031,
2006,6,-0.009,0.044,0.057,0.031,
2006,7,-0.056,0.044,0.057,0.032,
2006,8,-0.005,0.045,0.058,0.032,
2006,9,0.114,0.045,0.058,0.032,
2006,10,-0.007,0.045,0.058,0.032,
2006,11,0.104,0.045,0.058,0.032,
2006,12,0.078,0.046,0.059,0.033,
2007,1,0.050,0.046,0.059,0.033,
2007,2,-0.040,0.046,0.059,0.033,
2007,3,-0.074,0.046,0.059,0.033,
2007,4,0.018,0.046,0.059,0.033,
2007,5,-0.005,0.047,0.060,0.033,
2007,6,0.048,0.047,0.060,0.034,
2007,7,0.016,0.047,0.060,0.034,
2007,8,-0.023,0.047,0.060,0.034,
2007,9,-0.034,0.047,0.061,0.034,
2007,10,-0.002,0.048,0.061,0.034,
2007,11,-0.064,0.048,0.061,0.035,
2007,12,-0.076,0.048,0.061,0.035,
2008,1,-0.116,0.048,0.062,0.035,
2008,2,-0.109,0.049,0.062,0.035,
2008,3,-0.090,0.049,0.062,0.035,
2008,4,0.065,0.049,0.062,0.036,
2008,5,0.074,0.049,0.063,0.036,
2008,6,-0.081,0.049,0.063,0.036,
2008,7,-0.008,0.050,0.063,0.036,
2008,8,0.070,0.050,0.063,0.036,
2008,9,0.140,0.050,0.064,0.037,
2008,10,0.026,0.050,0.064,0.037,
2008,11,0.030,0.051,0.064,0.037,
2008,12,-0.064,0.051,0.064,0.037,
2009,1,-0.092,0.051,0.065,0.037,
2009,2,-0.171,0.051,0.065,0.038,
2009,3,-0.005,0.051,0.065,0.038,
2009,4,-0.008,0.052,0.065,0.038,
2009,5,-0.023,0.052,0.065,0.038,
2009,6,0.125,0.052,0.066,0.038,
2009,7,0.032,0.052,0.066,0.039,
2009,8,-0.030,0.052,0.066,0.039,
2009,9,0.162,0.053,0.066,0.039,
2009,10,0.049,0.053,0.067,0.039,
2009,11,0.230,0.053,0.067,0.039,
2009,12,0.224,0.053,0.067,0.040,
2010,1,0.082,0.054,0.067,0.040,
2010,2,0.144,0.054,0.068,0.040,
2010,3,0.104,0.054,0.068,0.040,
2010,4,-0.024,0.054,0.068,0.040,
2010,5,-0.066,0.054,0.068,0.041,
2010,6,-0.034,0.055,0.069,0.041,
2010,7,-0.025,0.055,0.069,0.041,
2010,8,0.029,0.055,0.069,0.041,
2010,9,0.037,0.055,0.069,0.041,
2010,10,0.093,0.056,0.070,0.041,
2010,11,0.025,0.056,0.070,0.042,
2010,12,-0.034,0.056,0.070,0.042,
2011,1,-0.084,0.056,0.070,0.042,
2011,2,-0.052,0.056,0.071,0.042,
2011,3,-0.018,0.057,0.071,0.042,
2011,4,-0.047,0.057,0.071,0.043,
2011,5,0.030,0.057,0.071,0.043,
2011,6,0.010,0.057,0.071,0.043,
2011,7,0.043,0.057,0.072,0.043,
2011,8,0.085,0.058,0.072,0.043,
2011,9,0.049,0.058,0.072,0.044,
2011,10,-0.012,0.058,0.072,0.044,
2011,11,-0.009,0.058,0.073,0.044,
2011,12,0.001,0.059,0.073,0.044,
2012,1,-0.059,0.059,0.073,0.044,
2012,2,-0.035,0.059,0.073,0.045,
2012,3,-0.033,0.059,0.074,0.045,
2012,4,0.073,0.059,0.074,0.045,
2012,5,0.051,0.060,0.074,0.045,
2012,6,0.165,0.060,0.074,0.045,
2012,7,0.069,0.060,0.075,0.046,
2012,8,0.111,0.060,0.075,0.046,
2012,9,0.018,0.061,0.075,0.046,
2012,10,0.014,0.061,0.075,0.046,
2012,11,0.105,0.061,0.076,0.046,
2012,12,0.068,0.061,0.076,0.047,
2013,1,0.031,0.061,0.076,0.047,
2013,2,-0.012,0.062,0.076,0.047,
2013,3,0.046,0.062,0.077,0.047,
2013,4,-0.007,0.062,0.077,0.047,
2013,5,0.059,0.062,0.077,0.048,
2013,6,0.073,0.062,0.077,0.048,
2013,7,0.147,0.063,0.077,0.048,
2013,8,0.107,0.063,0.078,0.048,
2013,9,0.022,0.063,0.078,0.048,
2013,10,0.057,0.063,0.078,0.049,
2013,11,-0.015,0.064,0.078,0.049,
2013,12,0.057,0.064,0.079,0.049,
2014,1,0.115,0.064,0.079,0.049,
2014,2,0.128,0.064,0.079,0.049,
2014,3,0.137,0.064,0.079,0.049,
2014,4,0.142,0.065,0.080,0.050,
2014,5,0.131,0.065,0.080,0.050,
2014,6,0.078,0.065,0.080,0.050,
2014,7,0.098,0.065,0.080,0.050,
2014,8,0.185,0.066,0.081,0.050,
2014,9,0.164,0.066,0.081,0.051,
2014,10,0.061,0.066,0.081,0.051,
2014,11,0.054,0.066,0.081,0.051,
2014,12,0.128,0.066,0.082,0.051,
2015,1,0.160,0.067,0.082,0.051,
2015,2,0.097,0.067,0.082,0.052,
2015,3,0.048,0.067,0.082,0.052,
2015,4,0.047,0.067,0.083,0.052,
2015,5,0.081,0.067,0.083,0.052,
2015,6,0.044,0.068,0.083,0.052,
2015,7,0.121,0.068,0.083,0.053,
2015,8,0.089,0.068,0.084,0.053,
2015,9,0.059,0.068,0.084,0.053,
2015,10,0.258,0.069,0.084,0.053,
2015,11,0.227,0.069,0.084,0.053,
2015,12,0.247,0.069,0.084,0.054,
2016,1,0.248,0.069,0.085,0.054,
2016,2,0.212,0.069,0.085,0.054,
2016,3,0.079,0.070,0.085,0.054,
2016,4,0.104,0.070,0.085,0.054,
2016,5,0.148,0.070,0.086,0.055,
2016,6,0.193,0.070,0.086,0.055,
2016,7,0.094,0.071,0.086,0.055,
2016,8,0.077,0.071,0.086,0.055,
2016,9,0.097,0.071,0.087,0.055,
2016,10,0.375,0.071,0.087,0.055,
2016,11,0.154,0.071,0.087,0.056,
2016,12,0.117,0.072,0.087,0.056,
2017,1,0.085,0.072,0.088,0.056,
2017,2,0.015,0.072,0.088,0.056,
2017,3,-0.056,0.072,0.088,0.056,
2017,4,0.151,0.073,0.088,0.057,
2017,5,0.133,0.073,0.089,0.057,
2017,6,0.104,0.073,0.089,0.057,
2017,7,0.102,0.073,0.089,0.057,
2017,8,0.140,0.073,0.089,0.057,
2017,9,0.189,0.074,0.090,0.058,
2017,10,0.056,0.074,0.090,0.058,
2017,11,0.072,0.074,0.090,0.058,
2017,12,0.048,0.074,0.090,0.058,
2018,1,-0.045,0.074,0.091,0.058,
2018,2,0.027,0.075,0.091,0.059,
2018,3,0.160,0.075,0.091,0.059,
2018,4,0.071,0.075,0.091,0.059,
2018,5,0.081,0.075,0.092,0.059,
2018,6,0.101,0.076,0.092,0.059,
2018,7,0.123,0.076,0.092,0.060,
2018,8,0.152,0.076,0.092,0.060,
2018,9,0.450,0.076,0.092,0.060,
2018,10,0.155,0.076,0.093,0.060,
2018,11,0.251,0.077,0.093,0.060,
2018,12,0.281,0.077,0.093,0.061,
2019,1,0.176,0.077,0.093,0.061,
2019,2,0.155,0.077,0.094,0.061,
2019,3,0.206,0.078,0.094,0.061,
2019,4,0.184,0.078,0.094,0.061,
2019,5,0.169,0.078,0.094,0.061,
2019,6,0.153,0.078,0.095,0.062,
2019,7,0.188,0.078,0.095,0.062,
2019,8,0.158,0.079,0.095,0.062,
2019,9,0.165,0.079,0.095,0.062,
2019,10,0.180,0.079,0.096,0.062,
2019,11,0.194,0.079,0.096,0.063,
2019,12,0.145,0.079,0.096,0.063,
2020,1,0.112,0.080,0.096,0.063,
2020,2,0.205,0.080,0.097,0.063,
2020,3,0.091,0.080,0.097,0.063,
2020,4,0.175,0.080,0.097,0.064,
2020,5,0.156,0.081,0.097,0.064,
2020,6,0.266,0.081,0.098,0.064,
2020,7,0.188,0.081,0.098,0.064,
2020,8,0.222,0.081,0.098,0.064,
2020,9,0.198,0.081,0.098,0.065,
2020,10,0.220,0.082,0.099,0.065,
2020,11,0.242,0.082,0.099,0.065,
2020,12,0.179,0.082,0.099,0.065,
2021,1,0.248,0.082,0.099,0.065,
2021,2,0.268,0.083,0.099,0.066,
2021,3,0.145,0.083,0.100,0.066,
2021,4,0.157,0.083,0.100,0.066,
2021,5,0.047,0.083,0.100,0.066,
2021,6,0.103,0.083,0.100,0.066,
2021,7,0.167,0.084,0.101,0.067,
2021,8,0.162,0.084,0.101,0.067,
2021,9,0.115,0.084,0.101,0.067,
2021,10,0.126,0.084,0.101,0.067,
2021,11,0.150,0.084,0.102,0.067,
2021,12,0.122,0.085,0.102,0.067,
2022,1,0.228,0.085,0.102,0.068,
2022,2,0.058,0.085,0.102,0.068,
2022,3,0.064,0.085,0.103,0.068,
2022,4,0.111,0.086,0.103,0.068,
2022,5,0.190,0.086,0.103,0.068,
2022,6,0.157,0.086,0.103,0.069,
2022,7,0.126,0.086,0.104,0.069,
2022,8,0.078,0.086,0.104,0.069,
2022,9,0.139,0.087,0.104,0.069,
2022,10,0.170,0.087,0.104,0.069,
